INSERT INTO IPA.usuario (CPF, nome, email, senhaHash, cargo, dataCadastro, tipoUsuario) VALUES
('11111111111', 'João Batista Silva', 'joao.silva@ipa.pe.gov.br', '5f4dcc3b5aa765d61d8327deb882cf99', 'Gestor de Projetos', '2024-01-10', 'Gestor do IPA'),
('22222222222', 'Maria Clara Souza', 'maria.souza@ipa.pe.gov.br', 'e99a18c428cb38d5f260853678922e03', 'Gestora de Operações', '2024-02-15', 'Gestor do IPA'),
('33333333333', 'Ricardo Santos', 'ricardo.santos@ipa.pe.gov.br', 'd8578edf8458ce06fbc5bb76a58c5ca4', 'Gestor Administrativo', '2024-03-21', 'Gestor do IPA'),
('44444444444', 'Fernanda Lima', 'fernanda.lima@ipa.pe.gov.br', '25f9e794323b453885f5181f1b624d0b', 'Gestora de Logística', '2024-04-02', 'Gestor do IPA'),
('55555555555', 'Carlos Eduardo', 'carlos.eduardo@ipa.pe.gov.br', '6512bd43d9caa6e02c990b0a82652dca', 'Gestor Regional', '2024-04-18', 'Gestor do IPA'),
('66666666666', 'Paulo Henrique', 'paulo.henrique@armazem.pe.gov.br', '5ebe2294ecd0e0f08eab7690d2a6ee69', 'Gerente de Armazém', '2024-05-11', 'Gerente do Armazem'),
('77777777777', 'Ana Paula Ferreira', 'ana.paula@armazem.pe.gov.br', '6c569aabbf7775ef8fc570e228c16b98', 'Gerente de Armazém', '2024-06-01', 'Gerente do Armazem'),
('88888888888', 'Luiz Otávio Ramos', 'luiz.ramos@armazem.pe.gov.br', '8f14e45fceea167a5a36dedd4bea2543', 'Gerente de Armazém', '2024-06-25', 'Gerente do Armazem'),
('99999999999', 'Juliana Beatriz', 'juliana.beatriz@armazem.pe.gov.br', 'c9f0f895fb98ab9159f51fd0297e236d', 'Gerente de Armazém', '2024-07-04', 'Gerente do Armazem'),
('10101010101', 'Rafael Moura', 'rafael.moura@armazem.pe.gov.br', '45c48cce2e2d7fbdea1afc51c7c6ad26', 'Gerente de Armazém', '2024-07-19', 'Gerente do Armazem'),
('12121212121', 'Sônia Almeida', 'sonia.almeida@ipa.pe.gov.br', 'd41d8cd98f00b204e9800998ecf8427e', 'Agente de Distribuição', '2024-08-03', 'Agente de Distribuicao'),
('13131313131', 'Marcos Vinicius', 'marcos.vinicius@ipa.pe.gov.br', 'a87ff679a2f3e71d9181a67b7542122c', 'Agente de Distribuição', '2024-08-20', 'Agente de Distribuicao'),
('14141414141', 'Rita de Cássia', 'rita.cassia@ipa.pe.gov.br', '1679091c5a880faf6fb5e6087eb1b2dc', 'Agente de Distribuição', '2024-09-01', 'Agente de Distribuicao'),
('15151515151', 'Eduardo Pereira', 'eduardo.pereira@ipa.pe.gov.br', '8f14e45fceea167a5a36dedd4bea2543', 'Agente de Distribuição', '2024-09-12', 'Agente de Distribuicao'),
('16161616161', 'Patrícia Gomes', 'patricia.gomes@ipa.pe.gov.br', 'c4ca4238a0b923820dcc509a6f75849b', 'Agente de Distribuição', '2024-09-30', 'Agente de Distribuicao'),
('17171717171', 'Lucas Andrade', 'lucas.andrade@ipa.pe.gov.br', 'c81e728d9d4c2f636f067f89cc14862c', 'Agente de Distribuição', '2024-10-11', 'Agente de Distribuicao'),
('18181818181', 'Bianca Torres', 'bianca.torres@ipa.pe.gov.br', 'eccbc87e4b5ce2fe28308fd9f2a7baf3', 'Agente de Distribuição', '2024-10-28', 'Agente de Distribuicao'),
('19191919191', 'Thiago Oliveira', 'thiago.oliveira@ipa.pe.gov.br', 'a87ff679a2f3e71d9181a67b7542122c', 'Agente de Distribuição', '2024-11-05', 'Agente de Distribuicao'),
('20202020202', 'Larissa Martins', 'larissa.martins@ipa.pe.gov.br', 'e4da3b7fbbce2345d7772b0674a318d5', 'Agente de Distribuição', '2024-11-18', 'Agente de Distribuicao'),
('21212121212', 'Pedro Henrique', 'pedro.henrique@ipa.pe.gov.br', '1679091c5a880faf6fb5e6087eb1b2dc', 'Agente de Distribuição', '2024-11-28', 'Agente de Distribuicao'),
('23232323232', 'Camila Nogueira', 'camila.nogueira@ipa.pe.gov.br', 'c9f0f895fb98ab9159f51fd0297e236d', 'Agente de Distribuição', '2024-12-02', 'Agente de Distribuicao'),
('24242424242', 'Matheus Barros', 'matheus.barros@ipa.pe.gov.br', '45c48cce2e2d7fbdea1afc51c7c6ad26', 'Agente de Distribuição', '2024-12-10', 'Agente de Distribuicao');

INSERT INTO IPA.Municipio (idMunicipio, nome, regiao) VALUES
(1, 'Recife', 'Região Metropolitana'),
(2, 'Olinda', 'Região Metropolitana'),
(3, 'Jaboatão dos Guararapes', 'Região Metropolitana'),
(4, 'Paulista', 'Região Metropolitana'),
(5, 'Cabo de Santo Agostinho', 'Região Metropolitana'),
(6, 'Ipojuca', 'Região Metropolitana'),
(7, 'Caruaru', 'Agreste'),
(8, 'Garanhuns', 'Agreste'),
(9, 'Santa Cruz do Capibaribe', 'Agreste'),
(10, 'Toritama', 'Agreste'),
(11, 'Bezerros', 'Agreste'),
(12, 'Vitória de Santo Antão', 'Zona da Mata'),
(13, 'Palmares', 'Zona da Mata'),
(14, 'Escada', 'Zona da Mata'),
(15, 'Rio Formoso', 'Zona da Mata'),
(16, 'Barreiros', 'Zona da Mata'),
(17, 'Petrolina', 'Sertão'),
(18, 'Juazeiro', 'Sertão'),
(19, 'Serra Talhada', 'Sertão'),
(20, 'Arcoverde', 'Sertão'),
(21, 'Salgueiro', 'Sertão'),
(22, 'Ouricuri', 'Sertão');

INSERT INTO IPA.Armazem (idArmazem, nome, capacidadeKg, Municipio_idMunicipio1) VALUES
(1, 'Armazém Central do Recife', 500000, 1),
(2, 'Armazém de Olinda', 220000, 2),
(3, 'Armazém de Jaboatão', 300000, 3),
(4, 'Armazém de Paulista', 180000, 4),
(5, 'Armazém do Cabo de Santo Agostinho', 260000, 5),
(6, 'Armazém de Ipojuca', 240000, 6),
(7, 'Armazém de Caruaru', 350000, 7),
(8, 'Armazém de Garanhuns', 210000, 8),
(9, 'Armazém de Santa Cruz do Capibaribe', 150000, 9),
(10, 'Armazém de Toritama', 120000, 10),
(11, 'Armazém de Bezerros', 140000, 11),
(12, 'Armazém de Vitória de Santo Antão', 200000, 12),
(13, 'Armazém de Palmares', 160000, 13),
(14, 'Armazém de Escada', 130000, 14),
(15, 'Armazém de Rio Formoso', 110000, 15),
(16, 'Armazém de Barreiros', 100000, 16),
(17, 'Armazém de Petrolina', 400000, 17),
(18, 'Armazém de Juazeiro', 380000, 18),
(19, 'Armazém de Serra Talhada', 220000, 19),
(20, 'Armazém de Arcoverde', 190000, 20),
(21, 'Armazém de Salgueiro', 160000, 21),
(22, 'Armazém de Ouricuri', 150000, 22);

INSERT INTO IPA.Semente (idSemente, tipo, dataValidade, safra, observacao, pesoTotalKg) VALUES
(1, 'Milho', '2026-12-31', '2023/2024', 'Variedade BRS 4104 produzida pelo IPA', 8000),
(2, 'Feijão', '2026-10-31', '2023/2024', 'Feijão comum para agricultura familiar', 5000),
(3, 'Sorgo', '2026-11-30', '2023/2024', 'Sorgo granífero adaptado ao semiárido', 6000),
(4, 'Milheto', '2026-09-30', '2023/2024', 'Milheto IPA-BULK 1 categoria S1/S2', 4000),
(5, 'Cebola', '2026-08-31', '2023/2024', 'Cultivar Franciscana IPA-10', 3000),
(6, 'Capim Buffel', '2027-12-31', '2024/2025', 'Capim forrageiro resistente à seca', 10000),
(7, 'Palma Forrageira', '2027-06-30', '2024/2025', 'Palma para alimentação animal no semiárido', 12000);

INSERT INTO IPA.Lote (idLote, status, dataEntrada, dataSaida, quantidadeKg, Armazem_idArmazem, Semente_idSemente) VALUES
(1, 'Disponível', '2024-01-15', NULL, 1200, 1, 1),
(2, 'Disponível', '2024-01-20', NULL, 900, 2, 2),
(3, 'Parcialmente Distribuído', '2024-02-01', NULL, 700, 3, 3),
(4, 'Disponível', '2024-02-18', NULL, 1500, 4, 4),
(5, 'Esgotado', '2024-03-02', '2024-04-10', 0, 5, 5),
(6, 'Disponível', '2024-03-15', NULL, 2000, 6, 6),
(7, 'Parcialmente Distribuído', '2024-03-28', NULL, 300, 7, 7),
(8, 'Disponível', '2024-04-10', NULL, 1800, 8, 1),
(9, 'Disponível', '2024-04-20', NULL, 1600, 9, 2),
(10, 'Parcialmente Distribuído', '2024-05-01', NULL, 450, 10, 3),
(11, 'Disponível', '2024-05-12', NULL, 1300, 11, 4),
(12, 'Aguardando Conferência', '2024-05-25', NULL, 950, 12, 5),
(13, 'Disponível', '2024-06-03', NULL, 2200, 13, 6),
(14, 'Esgotado', '2024-06-10', '2024-07-01', 0, 14, 7),
(15, 'Disponível', '2024-06-20', NULL, 1700, 15, 1),
(16, 'Disponível', '2024-07-02', NULL, 1100, 16, 2),
(17, 'Parcialmente Distribuído', '2024-07-18', NULL, 550, 17, 3),
(18, 'Disponível', '2024-07-28', NULL, 2000, 18, 4),
(19, 'Disponível', '2024-08-05', NULL, 1400, 19, 5),
(20, 'Aguardando Conferência', '2024-08-12', NULL, 2300, 20, 6),
(21, 'Disponível', '2024-08-20', NULL, 900, 21, 7),
(22, 'Esgotado', '2024-09-01', '2024-10-05', 0, 22, 1);

INSERT INTO IPA.Distribuicao (idDistribuicao, dataDistribuicao, status, Armazem_idArmazem_Origem, Armazem_idArmazem_Destino, usuario_CPF, Lote_idLote) VALUES
(1, '2025-01-05', 'Concluída', 1, 5, '11111111111', 1),
(2, '2025-01-07', 'Concluída', 1, 7, '22222222222', 2),
(3, '2025-01-10', 'Pendente', 2, 1, '33333333333', 3),
(4, '2025-01-12', 'Em andamento', 3, 1, '44444444444', 4),
(5, '2025-01-14', 'Concluída', 2, 3, '55555555555', 1),
(6, '2025-01-16', 'Concluída', 1, 2, '66666666666', 2),
(7, '2025-01-18', 'Cancelada', 3, 2, '77777777777', 3),
(8, '2025-01-20', 'Pendente', 2, 3, '88888888888', 4),
(9, '2025-01-22', 'Concluída', 1, 12, '99999999999', 1),
(10, '2025-01-24', 'Concluída', 3, 1, '10101010101', 2),
(11, '2025-01-26', 'Em andamento', 1, 2, '12121212121', 3),
(12, '2025-01-28', 'Pendente', 2, 1, '13131313131', 4),
(13, '2025-01-30', 'Concluída', 3, 2, '14141414141', 1),
(14, '2025-02-02', 'Concluída', 2, 15, '15151515151', 2),
(15, '2025-02-04', 'Cancelada', 1, 15, '16161616161', 3),
(16, '2025-02-06', 'Pendente', 3, 1, '17171717171', 4),
(17, '2025-02-08', 'Concluída', 1, 2, '18181818181', 1),
(18, '2025-02-10', 'Concluída', 2, 3, '19191919191', 2),
(19, '2025-02-12', 'Em andamento', 17, 1, '20202020202', 3),
(20, '2025-02-15', 'Concluída', 1, 20, '21212121212', 4),
(21, '2025-02-18', 'Pendente', 2, 20, '23232323232', 1),
(22, '2025-02-20', 'Concluída', 3, 19, '24242424242', 2);

INSERT INTO IPA.relatorio (idRelatorio, dataFim, dataInicio, tipo, dataGeracao, titulo, arquivoPDF, Distribuicao_idDistribuicao) VALUES
(1, '2025-01-10', '2025-01-01', 'Distribuição', '2025-01-11', 'Relatório de Distribuição 1', 'relatorio_1.pdf', 1),
(2, '2025-01-12', '2025-01-05', 'Movimentação', '2025-01-13', 'Movimentação de Lotes 2', 'relatorio_2.pdf', 2),
(3, '2025-01-15', '2025-01-07', 'Distribuição', '2025-01-16', 'Relatório de Distribuição 3', 'relatorio_3.pdf', 3),
(4, '2025-01-18', '2025-01-10', 'Atividade', '2025-01-19', 'Atividades do Armazém 4', 'relatorio_4.pdf', 4),
(5, '2025-01-20', '2025-01-12', 'Distribuição', '2025-01-21', 'Relatório Completo 5', 'relatorio_5.pdf', 5),
(6, '2025-01-22', '2025-01-14', 'Movimentação', '2025-01-23', 'Movimentação de Sementes 6', 'relatorio_6.pdf', 6),
(7, '2025-01-25', '2025-01-16', 'Distribuição', '2025-01-26', 'Relatório de Distribuição 7', 'relatorio_7.pdf', 7),
(8, '2025-01-26', '2025-01-18', 'Atividade', '2025-01-27', 'Registro de Atividades 8', 'relatorio_8.pdf', 8),
(9, '2025-01-28', '2025-01-19', 'Distribuição', '2025-01-29', 'Resumo Operacional 9', 'relatorio_9.pdf', 9),
(10, '2025-01-30', '2025-01-21', 'Movimentação', '2025-01-31', 'Movimentação de Lotes 10', 'relatorio_10.pdf', 10),
(11, '2025-02-02', '2025-01-25', 'Distribuição', '2025-02-03', 'Relatório Especial 11', 'relatorio_11.pdf', 11),
(12, '2025-02-04', '2025-01-27', 'Atividade', '2025-02-05', 'Registro de Atividades 12', 'relatorio_12.pdf', 12),
(13, '2025-02-06', '2025-01-29', 'Distribuição', '2025-02-07', 'Relatório Técnico 13', 'relatorio_13.pdf', 13),
(14, '2025-02-08', '2025-02-01', 'Movimentação', '2025-02-09', 'Movimentação entre Armazéns 14', 'relatorio_14.pdf', 14),
(15, '2025-02-10', '2025-02-02', 'Distribuição', '2025-02-11', 'Relatório de Distribuição 15', 'relatorio_15.pdf', 15),
(16, '2025-02-12', '2025-02-03', 'Atividade', '2025-02-13', 'Relatório de Atividades 16', 'relatorio_16.pdf', 16),
(17, '2025-02-14', '2025-02-05', 'Distribuição', '2025-02-15', 'Resumo Operacional 17', 'relatorio_17.pdf', 17),
(18, '2025-02-16', '2025-02-07', 'Movimentação', '2025-02-17', 'Movimentação Geral 18', 'relatorio_18.pdf', 18),
(19, '2025-02-18', '2025-02-09', 'Distribuição', '2025-02-19', 'Relatório de Distribuição 19', 'relatorio_19.pdf', 19),
(20, '2025-02-20', '2025-02-11', 'Atividade', '2025-02-21', 'Registro de Atividades 20', 'relatorio_20.pdf', 20),
(21, '2025-02-22', '2025-02-13', 'Distribuição', '2025-02-23', 'Relatório Especial 21', 'relatorio_21.pdf', 21),
(22, '2025-02-25', '2025-02-15', 'Movimentação', '2025-02-26', 'Movimentação Total 22', 'relatorio_22.pdf', 22);

INSERT INTO IPA.Transparencia (idTransparencia, dataAtualizacao, Distribuicao_idDistribuicao) VALUES
(1, '2025-01-05', 1),
(2, '2025-01-12', 2),
(3, '2025-01-15', 3),
(4, '2025-01-18', 4),
(5, '2025-01-20', 5),
(6, '2025-01-25', 6),
(7, '2025-02-01', 7),
(8, '2025-02-05', 8),
(9, '2025-02-10', 9),
(10, '2025-02-12', 10),
(11, '2025-02-15', 11),
(12, '2025-02-18', 12),
(13, '2025-02-20', 13),
(14, '2025-02-25', 14),
(15, '2025-03-01', 15),
(16, '2025-03-05', 16),
(17, '2025-03-10', 17),
(18, '2025-03-12', 18),
(19, '2025-03-15', 19),
(20, '2025-03-18', 20),
(21, '2025-03-20', 21),
(22, '2025-03-25', 22);

INSERT INTO IPA.Telefone (telefone, usuario_CPF) VALUES
(81990010001, 11111111111),
(81990010002, 22222222222),
(81990010003, 33333333333),
(81990010004, 44444444444),
(81990010005, 55555555555),
(81990010006, 66666666666),
(81990010007, 77777777777),
(81990010008, 88888888888),
(81990010009, 99999999999),
(81990010010, 10101010101),
(81990010011, 12121212121),
(81990010012, 13131313131),
(81990010013, 14141414141),
(81990010014, 15151515151),
(81990010015, 16161616161),
(81990010016, 17171717171),
(81990010017, 18181818181),
(81990010018, 19191919191),
(81990010019, 20202020202),
(81990010020, 21212121212),
(81990010021, 23232323232),
(81990010022, 24242424242);

INSERT INTO IPA.endereco (CEP, Rua, numero, Bairro, Complemento, Armazem_idArmazem) VALUES
(50710000, 'Rua das Acácias', 120, 'Boa Vista', NULL, 1),
(50710001, 'Avenida Pernambuco', 450, 'Centro', 'Próximo à praça', 2),
(50710002, 'Rua Sete de Setembro', 89, 'Santo Antônio', NULL, 3),
(50710003, 'Rua Projetada A', 300, 'Jardim São Paulo', NULL, 4),
(50710004, 'Rua das Mangueiras', 55, 'Ibura', 'Galpão 2', 5),
(50710005, 'Rua Nova Esperança', 220, 'Cordeiro', NULL, 6),
(50710006, 'Rua do Progresso', 135, 'Afogados', NULL, 7),
(50710007, 'Avenida Brasil', 999, 'Imbiribeira', 'Bloco A', 8),
(50710008, 'Rua Dom Bosco', 43, 'Boa Vista', NULL, 9),
(50710009, 'Rua Antônio Falcão', 560, 'Boa Viagem', 'Fundos', 10),
(50710010, 'Rua São Miguel', 210, 'Campo Grande', NULL, 11),
(50710011, 'Rua Santa Luzia', 12, 'Água Fria', 'Depósito lateral', 12),
(50710012, 'Rua José Rufino', 870, 'Estância', NULL, 13),
(50710013, 'Rua Sargento Silvino', 34, 'Tamarineira', NULL, 14),
(50710014, 'Rua Belmiro Correia', 77, 'Casa Amarela', 'Galpão 1', 15),
(50710015, 'Rua do Futuro', 501, 'Aflitos', NULL, 16),
(50710016, 'Rua Amélia', 160, 'Graças', NULL, 17),
(50710017, 'Rua da Aurora', 680, 'Santo Amaro', 'Pavilhão B', 18),
(50710018, 'Rua do Sol', 25, 'Centro', NULL, 19),
(50710019, 'Rua José de Alencar', 310, 'Espinheiro', NULL, 20),
(50710020, 'Rua Quarenta e Oito', 90, 'Campo Grande', 'Anexo 3', 21),
(50710021, 'Rua Capitão Lima', 410, 'Santo Amaro', NULL, 22);







